track,i,t,x,y,z,vx,vy,vz,speed
track1,0,0.0,0.18546337,0.95374196,0.96755979,-0.8743354151986337,8.223925302265913,0.5117947276926034,8.286093388250823
track1,1,0.0166667,0.1477965,1.19124004,0.98070808,-0.6048786848813246,5.793693251541219,0.8832200935831299,5.8917601317507
track1,2,0.0333334,0.15077005,1.21278549,0.99045535,-0.3990216497422475,3.885243327881639,1.195344700452796,4.084505226672186
track1,3,0.0500001,0.15164023,1.22916157,1.01736371,-0.25676430978140274,2.4985755312871722,1.4481685483016016,2.899310218071613
track1,4,0.0666668,0.15064582,1.25069231,1.04497056,-0.1781066649987902,1.6336898617578164,1.6416916371295465,2.322889575496079
track1,5,0.0833335,0.14861324,1.29121012,1.07346752,-0.16304871539440985,1.2905863192935687,1.7759139669366357,2.201378738222959
track1,6,0.1000002,0.1425029,1.33042939,1.10779326,-0.48135640150630987,2.5841859676420595,1.8067769306186454,3.1896965337857717
track1,7,0.1166669,0.13354661,1.36903435,1.13417836,-0.5466634310321115,3.1402456237045717,1.7397470018579853,3.6313500402050702
track1,8,0.1333336,0.12636793,1.421349,1.15940339,-0.48337282742683835,3.530486306160264,1.778281360803252,3.9824951282405894
track1,9,0.1500003,0.10821929,1.48889582,1.1922088,-0.3235632233863732,3.6691143536127946,1.8733178596579965,4.132361685855829
track1,10,0.166667,0.11166532,1.55938277,1.22436357,-0.14062057132295913,3.5784479655982544,1.9567161886655322,4.080907035275277
track1,11,0.1833337,0.1145706,1.61534307,1.2550246,0.1198216736433666,3.253713822176099,2.0226510902456143,3.833031216017718
track1,12,0.2000004,0.11801542,1.66170277,1.29392953,0.34107242589710723,2.8019365245651953,2.0155539840435566,3.468376644771106
track1,13,0.2166671,0.12084443,1.6991683,1.32742149,0.45401300945649964,2.4444976970185985,1.947074537319466,3.157973409856833
track1,14,0.2333338,0.12622417,1.73775159,1.35487003,0.39171275025748387,2.292417267263378,1.9316909687859019,3.0232508670056792
track1,15,0.2500005,0.1426147,1.78013969,1.38619904,0.36495441216576907,2.2807250102283136,1.8870594104965734,2.9825981147288148
track1,16,0.2666672,0.14429921,1.81734846,1.41826669,0.2128043687968575,2.2123466533952847,1.7341691775824009,2.8190612179669254
track1,17,0.2833339,0.1451674,1.85400345,1.44567159,0.14594346941842318,2.107065468386553,1.5136926701671172,2.5985168623756487
track1,18,0.3000006,0.14571977,1.88882973,1.47485113,0.16662994074944348,1.988152521713614,1.221589657053796,2.3394010509040934
track1,19,0.3166673,0.14937006,1.92020331,1.48976837,0.29052790064583145,1.9091191153282097,0.8943743495963048,2.128155947006951
track1,20,0.333334,0.14913622,1.94677147,1.49636407,0.469722553095687,1.8342796826061383,0.6449162865077689,2.000284541636858
track1,21,0.3500007,0.16999855,1.98013333,1.5051801,0.5538385599219493,1.709323282868601,0.4480207412545685,1.8518222972000857
track1,22,0.3666674,0.17780535,2.01045668,1.51561332,0.5669865533229318,1.5541107725476975,0.3495857672620444,1.690841285771675
track1,23,0.3833341,0.1845551,2.03477836,1.52101975,0.472874638050259,1.3639737967610408,0.2958256176727838,1.4736172290094116
track1,24,0.4000008,0.18865663,2.05238052,1.52483281,0.30166302616112894,1.1177598581865906,0.16977380322629987,1.1701328241648123
track1,25,0.4166675,0.19574184,2.06949905,1.52335566,0.16496021005627126,0.9069685012145277,-0.0023575617184290465,0.9218510135560908
track1,26,0.4333342,0.19888584,2.08463702,1.52628781,0.18998674007314198,0.8275213575447129,-0.1936911866269373,0.8708632696199876
track1,27,0.4500009,0.19796931,2.09715674,1.51902031,0.19913098868441148,0.8218122259559797,-0.3959202776233042,0.9336923217090669
track1,28,0.4666676,0.20019679,2.10782976,1.51154742,0.20504898314212872,0.8069813044523171,-0.5890421966242174,1.0199189284580747
track1,29,0.4833343,0.20911764,2.12451544,1.50083828,0.2019805089760459,0.7451396185785795,-0.756676211239637,1.0810125188163295
track1,30,0.500001,0.21258568,2.13796152,1.48365636,0.2368551173154081,0.6516861494249229,-0.9345403259076805,1.1636841516057579
track1,31,0.5166677,0.2148513,2.14780906,1.46691688,0.23516806859160255,0.5406580471221449,-1.0809836042332472,1.2313166518098169
track1,32,0.5333344,0.21669846,2.15307929,1.45050837,0.20655762965863433,0.38880704977519187,-1.311477462592852,1.383405259211511
track1,33,0.5500011,0.22124916,2.15793712,1.4271451,0.2315167436098715,0.2606578063067744,-1.5778616103606806,1.6159176204282133
track1,34,0.5666678,0.22800415,2.16196749,1.39769482,0.32822739272936396,0.17042617511502822,-1.8203709600739222,1.8575598872668164
track1,35,0.5833345,0.23114503,2.16553559,1.36587697,0.40135536197459265,0.05699906945175126,-2.0191509679917585,2.0594430441374625
track1,36,0.6000012,0.23785002,2.16397724,1.32720574,0.4558365654830473,-0.08048815300969547,-2.1464723978477345,2.195816265521434
track1,37,0.6166679,0.24701997,2.16396766,1.29074704,0.37992630844575326,-0.2232158128923718,-2.1593123299767276,2.2038146558556018
track1,38,0.6333346,0.25440335,2.15657037,1.25796861,0.24979796462318626,-0.36973921669871146,-2.184410778847429,2.2295193567761853
track1,39,0.6500013,0.25849955,2.1484341,1.22069494,0.1389566722032073,-0.49002995199137267,-2.301985170388628,2.3576628332498304
track1,40,0.666668,0.26036009,2.1405573,1.18015671,0.005968604496357832,-0.5585246322514239,-2.498731005568286,2.560398802385972
track1,41,0.6833347,0.25325347,2.13110895,1.14135716,0.1086369243345442,-0.6521895696301723,-2.7121899981141673,2.7916174168273464
track1,42,0.7000014,0.25897844,2.11667852,1.09049733,0.4028845173078892,-0.8211423014216734,-2.9188630114581176,3.058815439533553
track1,43,0.7166681,0.26843564,2.10365577,1.03701555,0.7257441569032959,-1.049954813027421,-3.087207502508067,3.3406526090302804
track1,44,0.7333348,0.27860381,2.08670505,0.98676535,1.015175980953401,-1.3768043317060066,-3.172114142601545,3.6039534644334488
track1,45,0.7500015,0.30984861,2.05861464,0.93785992,1.1490851181467818,-1.6500547426643912,-3.1837311848686243,3.7655307089493544
track1,46,0.7666682,0.32656363,2.02472464,0.87969744,1.1111490066064167,-1.9803313166100809,-3.134327896029517,3.870449017653877
track1,47,0.7833349,0.33913922,1.99294676,0.82607378,1.0463184284587166,-2.349288422751817,-3.1466037287039565,4.063871721954531
track1,48,0.8000016,0.35752281,1.94794792,0.77782262,0.8979178492691988,-2.62407839496674,-3.2365537453074227,4.262314398684236
track1,49,0.8166683,0.3698608,1.90981953,0.72325676,0.8225364301019682,-2.918712453600727,-3.3779836730536257,4.539407699366265
track1,50,0.833335,0.38661498,1.84961856,0.6671714,0.8489497907950603,-3.2049243959787006,-3.50179988894101,4.822329166846419
track1,51,0.8500017,0.40162957,1.79458805,0.60589543,0.9361254803131434,-3.538954029201488,-3.6421080246417556,5.163862643298409
track1,52,0.8666684,0.41296746,1.74002378,0.54084902,1.0736648237659228,-3.7552238613471585,-3.668362151154494,5.358296676617131
track1,53,0.8833351,0.43706329,1.6705755,0.47920862,1.2665259314003485,-3.9238863180781993,-3.639634902315288,5.499810359845367
track1,54,0.9000018,0.45473086,1.60671086,0.42415957,1.5147088032164198,-4.044941399394624,-3.5559262781241467,5.594685458408873
track1,55,0.9166685,0.49061177,1.53158511,0.36471978,1.818213439214137,-4.118389105296429,-3.4172362785810706,5.651949461629485
track1,56,0.9333352,0.51833387,1.47034004,0.30822756,2.177039839393499,-4.144229435783618,-3.2235649036860585,5.683793694971554
track2,0,0.0,0.08488365,1.15540597,0.853284,0.08214628256058105,8.543481752197328,1.7360515073841734,8.718469091426437
track2,1,0.0166667,0.0787435,1.20988655,0.87960498,0.12109190012389177,7.711559584922783,2.1646370628004714,8.010522335886687
track2,2,0.0333334,0.08307296,1.401838,0.92297711,0.15181902153678206,6.960265363385352,2.54376129895759,7.412089077319337
track2,3,0.0500001,0.08699148,1.49318907,0.96481483,0.174327646799252,6.289599087585035,2.8734242158555294,6.9170812873099905
track2,4,0.0666668,0.09389785,1.60934364,1.02435236,0.18861777591130155,5.699560757521832,3.1536258134942887,6.516588468332958
track2,5,0.0833335,0.09538612,1.69658018,1.07187266,0.19468940887293157,5.190150373195764,3.384366091873879,6.199153063615795
track2,6,0.1000002,0.10041489,1.77263531,1.13078136,0.09556060479953721,4.306246546364725,3.520390812132133,5.562916736516206
track2,7,0.1166669,0.10211931,1.8336996,1.19107969,0.03379541632525179,4.246062462420537,3.667892436592755,5.61102695514428
track2,8,0.1333336,0.10010842,1.91059881,1.2529741,0.13368296270400504,4.109441327620842,3.7541538563776102,5.567679079924628
track2,9,0.1500003,0.10039956,1.97774708,1.31539095,0.3739890658913322,4.297589808200337,3.899040085136617,5.814779408236897
track2,10,0.166667,0.11242933,2.05776292,1.38199897,0.6734322398488067,4.46029740784342,3.8639659975924845,5.939528363315845
track2,11,0.1833337,0.12101582,2.12078253,1.44524099,0.949379840051508,4.484174311022004,3.812997000929083,5.962221688382617
track2,12,0.2000004,0.14771728,2.20524731,1.50786457,1.1299797183622413,4.302665787791975,3.6608407418383315,5.761210114415978
track2,13,0.2166671,0.16539851,2.27431507,1.57093512,1.143998788925499,4.055015226449752,3.412047870776064,5.421618982210924
track2,14,0.2333338,0.18327159,2.34012027,1.62044842,1.0343474135895547,3.655964951939577,3.160916160685167,4.942402783736935
track2,15,0.2500005,0.19636436,2.39358156,1.67574525,0.8408273619350202,3.209458254276994,2.9332315119752144,4.4284828148441235
track2,16,0.2666672,0.2125269,2.44329153,1.71953853,0.6785002385706197,2.727844680208092,2.78504540018893,3.9570161806838104
track2,17,0.2833339,0.22186193,2.48749133,1.76415703,0.6410654374495455,2.4292020644397194,2.801226404190561,3.7628256580002413
track2,18,0.3000006,0.23087823,2.52454993,1.81304891,0.672948178462618,2.1942223656345394,2.9131183971897876,3.708602140536591
track2,19,0.3166673,0.2387064,2.5566843,1.85765984,0.732338602339113,2.0084240430587013,2.9036639261220367,3.6057386429239027
track2,20,0.333334,0.25829665,2.59249091,1.91019476,0.8269096187914853,1.8854671971308843,2.8423787228183164,3.5096841557377716
track2,21,0.3500007,0.27030954,2.62273559,1.96161828,0.9573159040162105,1.830496637841236,2.591882345139747,3.3143665718018513
track2,22,0.3666674,0.28932958,2.65312739,2.00067226,1.0158989339364,1.7765410205776533,2.2686750653305356,3.055328982911777
track2,23,0.3833341,0.30136172,2.6783077,2.02927218,0.9587679159140534,1.6793096371849447,1.9537058812828842,2.748869484840584
track2,24,0.4000008,0.32119983,2.71064503,2.06192635,0.8639030918907871,1.5618230158644817,1.6639634235883278,2.440162691318404
track2,25,0.4166675,0.33653203,2.73547647,2.08565505,0.7896434118553703,1.4523919949829338,1.4888102755263164,2.224755101463944
track2,26,0.4333342,0.34695225,2.75655242,2.11167724,0.731532691013874,1.3217906380038311,1.355269765684258,2.0295385452152512
track2,27,0.4500009,0.35465006,2.77675636,2.13343708,0.7179421366099004,1.1779305694302558,1.154483484273137,1.7988311353147404
track2,28,0.4666676,0.36998913,2.79665239,2.15025089,0.7460371040796394,1.0357929352906137,0.8880668772462066,1.555024483383882
track2,29,0.4833343,0.38196749,2.81302626,2.16346181,0.8579270842623834,0.9545112603248214,0.6115736634494251,1.421672597268015
track2,30,0.500001,0.39967508,2.82846937,2.17119096,0.9393585624250691,0.8598065031142923,0.34673422226584094,1.319805422207841
track2,31,0.5166677,0.41185011,2.84037393,2.17431737,0.9324201077705094,0.7544126734590595,0.15747823049810883,1.20968803099445
track2,32,0.5333344,0.43034896,2.85359576,2.17491152,0.8387416230995071,0.6745357293668004,0.005374577595857133,1.0763432754453064
track2,33,0.5500011,0.4438767,2.86454726,2.17264693,0.710286917654606,0.6309806628638697,-0.09251886099954376,0.9545699774977539
track2,34,0.5666678,0.45411569,2.87429204,2.17360692,0.5783083267166824,0.6241794913846306,-0.11654070689525486,0.8588494015708871
track2,35,0.5833345,0.46181119,2.88309676,2.16877056,0.46702632678650846,0.6078867267673651,-0.2225953252056012,0.7982409042983372
track2,36,0.6000012,0.46854791,2.89385945,2.16175455,0.45427973456407567,0.5486792943663872,-0.5606530918639647,0.9065047902347935
track2,37,0.6166679,0.4758249,2.90404039,2.15499031,0.6015516317452227,0.4976198957858795,-0.9726184014997727,1.2471874282854454
track2,38,0.6333346,0.48817933,2.91339609,2.14108801,0.7899152304259514,0.4388978070529106,-1.3638481309284316,1.636055952750918
track2,39,0.6500013,0.49849604,2.91645157,2.10713377,0.9285115856341732,0.35933824472679454,-1.6511942867722489,1.9281338935482504
track2,40,0.666668,0.52137709,2.92073875,2.06773446,0.9799273304716809,0.27412073520843805,-1.7995010533288713,2.0672696465164595
track2,41,0.6833347,0.53893194,2.92752395,2.0453344,0.932020236891931,0.1989060047521285,-1.8557160156075865,2.0861225398535534
track2,42,0.7000014,0.5516138,2.93055989,2.01683216,0.810779627974545,0.092344914610889,-1.8998876871709962,2.0677196164511744
track2,43,0.7166681,0.56121522,2.93026227,1.98531675,0.6238730172889344,-0.018020074915533257,-1.995836473245455,2.0911493233956335
track2,44,0.7333348,0.5718449,2.92944427,1.95283708,0.4857444588141151,-0.13689689706865948,-2.221552911089961,2.27815402825795
track2,45,0.7500015,0.58046318,2.92577405,1.90849097,0.48523944315748313,-0.19525995132156737,-2.4541949853163088,2.5093140081977787
track2,46,0.7666682,0.58789476,2.91957611,1.86261925,0.5683665503298418,-0.23035817238385903,-2.641940646538269,2.7121865354265227
track2,47,0.7833349,0.59362151,2.91751604,1.82133797,0.6205995854908126,-0.2720677073797031,-2.8478148167246617,2.927321969525514
track2,48,0.8000016,0.61052765,2.91349653,1.77549823,0.7378064657623638,-0.37565630847756104,-3.056482101138343,3.1666321032918865
track2,49,0.8166683,0.62374563,2.90791491,1.72452225,0.9225701581230936,-0.4817242180200676,-3.1793845554499853,3.345396847956938
track2,50,0.833335,0.64036005,2.89599956,1.66332154,1.09160097810341,-0.6179155606723459,-3.239516560244253,3.4738854154410586
track2,51,0.8500017,0.65207833,2.88502113,1.60868585,1.1784030434270183,-0.7462813104676567,-3.219925003040416,3.5090577869730506
track2,52,0.8666684,0.67956937,2.86878413,1.55438936,1.1331447531743684,-0.8798528323689023,-3.213025185954269,3.5187624079853195
track2,53,0.8833351,0.70045893,2.85698161,1.50765853,1.04432790481739,-1.0066520329663025,-3.2273652522624836,3.5383407919202403
track2,54,0.9000018,0.71560202,2.83798316,1.45550503,0.8988358659646396,-1.2000846802501925,-3.3648601332167747,3.6838014156340217
track2,55,0.9166685,0.72659103,2.81763312,1.39474663,0.6748721025868036,-1.4346178420696507,-3.5972387582031153,3.931120373526255
track2,56,0.9333352,0.73482199,2.78896663,1.3269176,0.5526377444914155,-1.6282650474325706,-3.7985250548146743,4.169586086577656
track2,57,0.9500019,0.74762032,2.76207562,1.26773459,0.761326100424728,-1.847480833476535,-3.93327418403436,4.411739868582716
track2,58,0.9666686,0.76124415,2.7252945,1.19804768,1.13079209669087,-2.069161856897706,-4.011750028248173,4.653413784000742
track2,59,0.9833353,0.77299617,2.6931743,1.13348483,1.4536621697152916,-2.285715641505748,-4.107243002413744,4.920068574558902
track2,60,1.000002,0.80871997,2.65634756,1.0653789,1.6849356505249737,-2.4935813465202585,-4.2059626400560575,5.171757709683539
track2,61,1.0166687,0.84649945,2.60827501,0.99531254,1.7575397722164965,-2.666879014493686,-4.243972121496303,5.311543005277041
track2,62,1.0333354,0.87395436,2.55983265,0.92018468,1.7717531056779419,-2.803516834574685,-4.1341472796075225,5.299999003651734
track2,63,1.0500021,0.89381442,2.51457326,0.85110462,1.6175782359391038,-2.8434403076414956,-4.010218206370105,5.175283779195735
track2,64,1.0666688,0.92309095,2.46246955,0.78847583,1.596557066909178,-3.150462149891525,-3.8278799293217127,5.20836548056113
track2,65,1.0833355,0.94995361,2.41073582,0.72894398,1.8452885010313929,-3.8245054253480903,-3.6645179569780577,5.608977024161384
track2,66,1.1000022,0.98439609,2.34662385,0.66965806,2.156705584490932,-4.706468813053019,-3.5091934974638086,6.254331832342872
track2,67,1.1166689,1.01183746,2.27440704,0.60833618,2.260848738675487,-5.41787083197392,-3.402667467508876,6.7854924114295185
track2,68,1.1333356,1.06615221,2.15161246,0.55201773,2.184091761886407,-5.818190798583416,-3.3087030707057337,7.0405338578234495
track2,69,1.1500023,1.10242757,2.04757565,0.49834719,2.001297811506948,-5.723058342111727,-3.176275275887669,6.844509795870879
track2,70,1.166669,1.13097985,1.95978267,0.44924908,1.8701192970574505,-5.470255943870363,-3.110994412160349,6.565008188050386
track2,71,1.1833357,1.15243083,1.88242159,0.39640938,1.6677711734320235,-4.991054532459681,-3.126441253993941,6.1210065305954675
track2,72,1.2000024,1.18576477,1.79709698,0.34348034,1.957022125815893,-5.0350836179446326,-3.191861413246862,6.274550336239372
track2,73,1.2166691,1.22079722,1.71722612,0.29353046,2.421005925820315,-5.6720598915445555,-3.1328912220963394,6.917263947227531
track2,74,1.2333358,1.27293065,1.59863269,0.2350363,3.1177664309006996,-6.725180181807478,-3.0421104763851083,8.012674468987205
track2,75,1.2500025,1.31830454,1.49677702,0.18427903,4.047303641057042,-8.194444488733417,-2.919519176113169,9.594434817202083
track2,76,1.2666692,1.42695832,1.31697083,0.13836443,5.209617556289346,-10.079852812322368,-2.765117321280522,11.678588168153157
track2,77,1.2833359,1.49399884,1.15122447,0.09821197,6.60470817659761,-12.381405152574338,-2.578904911887167,14.267869995019069
track3,0,0.0,0.39379388,0.8789437,1.00292333,-3.0807295856270667,3.883858834846419,1.4815036642654122,5.173983700786498
track3,1,0.0166667,0.32076305,0.95620205,1.02637505,-2.3622063967993223,3.6923254161650116,1.920425129429469,4.785532229301351
track3,2,0.0333334,0.29785426,1.01031236,1.05925403,-1.7853896560272124,3.5381797555752192,2.2786884978677615,4.571515446427598
track3,3,0.0500001,0.27863873,1.06572339,1.10574879,-1.3502793633107373,3.421421853077042,2.55629376958029,4.479287855462183
track3,4,0.0666668,0.26416261,1.11873422,1.15254118,-1.0568755186498973,3.34205170867048,2.753240944567055,4.45719992643243
track3,5,0.0833335,0.24597017,1.17441604,1.19702577,-0.9051781220446866,3.3000693223555313,2.8695300228280747,4.465871417415881
track3,6,0.1000002,0.2305832,1.22956764,1.2421348,-1.2088208879526288,3.433016145273074,2.822374971217431,4.605719082945765
track3,7,0.1166669,0.20821119,1.28965924,1.29229648,-1.3275798309708726,3.457333381720189,2.722661796051706,4.596575853353984
track3,8,0.1333336,0.18386581,1.34802587,1.33787721,-1.3379200641365594,3.4352475902274398,2.691201804426238,4.564375450850822
track3,9,0.1500003,0.15880152,1.40364589,1.38038138,-1.231045052828308,3.3345843603184697,2.7095508856767943,4.469517958375991
track3,10,0.166667,0.14059833,1.45731699,1.42443141,-1.0299970605186985,3.1903771944204484,2.750706749518913,4.336564101821182
track3,11,0.1833337,0.12797789,1.50982353,1.46881033,-0.7525441027206514,2.9948588305620705,2.851324710054551,4.203041118488244
track3,12,0.2000004,0.11852731,1.55837212,1.5204156,-0.49699581964472395,2.8153569078642855,2.9836015641488665,4.132204938890984
track3,13,0.2166671,0.10969689,1.60320161,1.57110617,-0.3105046404126299,2.624844975951083,2.983421346094387,3.9858533851391296
track3,14,0.2333338,0.10676686,1.64530702,1.61904652,-0.20347190191400444,2.4105163203426674,2.827284280862685,3.720957692627005
track3,15,0.2500005,0.10454768,1.68284855,1.667424,-0.13677430419031916,2.194717482243374,2.530483854300373,3.3524380045015465
track3,16,0.2666672,0.10339003,1.71983655,1.70737248,-0.12123886684627505,2.0104841204070603,2.19513566450724,2.979155223689219
track3,17,0.2833339,0.10051452,1.75128906,1.7373489,-0.1186322956025409,1.85222950113541,1.8993797243174884,2.6556489006615007
track3,18,0.3000006,0.09867804,1.77942475,1.76651876,-0.08909672856644912,1.735792218858463,1.6677565219461732,2.408801500868186
track3,19,0.3166673,0.09675028,1.80740833,1.79172842,-0.014313237224340691,1.6487957933175164,1.5233371959829567,2.244835996122344
track3,20,0.333334,0.09518585,1.83508873,1.81947617,0.07188085821963641,1.5597270367230918,1.4665363211231677,2.142112057768422
track3,21,0.3500007,0.09927735,1.86053148,1.84157078,0.13579045184567073,1.4617917000762857,1.4045198141538533,2.0317356938280984
track3,22,0.3666674,0.10398527,1.88500185,1.86445055,0.1748266580389925,1.3305149113478087,1.2656827239958632,1.8446644810104462
track3,23,0.3833341,0.10563687,1.90536654,1.88505807,0.1785979780021799,1.172919604976646,1.0947418079522926,1.6143411236673904
track3,24,0.4000008,0.10746347,1.92279616,1.90220104,0.1418686452836891,1.0245603999468065,0.8615455969554349,1.3461469241086153
track3,25,0.4166675,0.10845715,1.93832932,1.91424012,0.07082343795685464,0.8795038057942604,0.6049827810600874,1.069835066330233
track3,26,0.4333342,0.1114991,1.95279892,1.92049975,0.011349714480058726,0.7501621960625657,0.33116979616857556,0.8200887575833034
track3,27,0.4500009,0.11069902,1.96412766,1.92512786,-0.06543230013773027,0.6145235216522735,0.03740356213927143,0.6191280732012825
track3,28,0.4666676,0.1090208,1.97402485,1.92239132,-0.1528843557697493,0.4861719937399389,-0.2443526363529953,0.5651946962143732
track3,29,0.4833343,0.10536931,1.98044779,1.91712607,-0.18263603356243108,0.3919944840763181,-0.4764999433870498,0.6434809961059751
track3,30,0.500001,0.10229946,1.98706111,1.90848164,-0.12119926028213185,0.3757243626538509,-0.6860710134057459,0.7915500570527209
track3,31,0.5166677,0.09872786,1.99049462,1.89146869,-0.03149110007141176,0.3911489217814301,-0.8484647113456196,0.9348163107227476
track3,32,0.5333344,0.09914807,1.99819802,1.87787824,0.025909779066223493,0.39367516707858297,-0.9422246063433191,1.021488454474368
track3,33,0.5500011,0.10327614,2.00627016,1.86267992,0.043918786754502115,0.3940670938005537,-1.0427220474230303,1.115565776827381
track3,34,0.5666678,0.10601423,2.01484632,1.84220973,0.022165426764718443,0.34516130874499407,-1.18737406079965,1.2367234110576504
track3,35,0.5833345,0.10147562,2.01685431,1.82304271,-0.04142300002113197,0.23997319313054355,-1.4394609222436454,1.4599146362094417
track3,36,0.6000012,0.09951607,2.01927622,1.79944561,-0.13130365767240398,0.1071839936739849,-1.7182129350193387,1.7265528515182578
track3,37,0.6166679,0.09778543,2.02259531,1.76775586,-0.21111187812589322,0.005469355261767284,-1.9092697138614954,1.9209135793162528
track3,38,0.6333346,0.09547361,2.02037687,1.7309499,-0.27111094670584474,-0.07276623045820951,-2.024863502953644,2.0442280389703438
track3,39,0.6500013,0.08950991,2.01709027,1.69273645,-0.3366377156523068,-0.14146650634435787,-2.062926749554415,2.0949951069260346
track3,40,0.666668,0.08297922,2.01556554,1.66350783,-0.42604966211978923,-0.25529858124431204,-2.073830508166475,2.132479462217577
track3,41,0.6833347,0.0747091,2.01098511,1.63033381,-0.4863594009408714,-0.3855727053114526,-2.1367431631103955,2.2250580044268
track3,42,0.7000014,0.06663067,2.00401145,1.59327065,-0.4971303115668821,-0.4896692550437587,-2.3151457123659087,2.4180186507758674
track3,43,0.7166681,0.05886021,1.99440191,1.55415313,-0.4754695139793868,-0.5881442822195844,-2.5700563202603073,2.6790249055843685
track3,44,0.7333348,0.05119382,1.98201933,1.50612543,-0.41788733811809725,-0.6491706848754033,-2.806031911362737,2.910303677118085
track3,45,0.7500015,0.04397941,1.96989869,1.45750399,-0.33739704979797475,-0.6928034570504193,-2.9461395510775246,3.045250671740615
track3,46,0.7666682,0.03984251,1.96044599,1.4061611,-0.24547944190824883,-0.7401390957124736,-3.077947390375602,3.1751891558333405
track3,47,0.7833349,0.03577466,1.94761443,1.35540751,-0.1369671814269422,-0.867528318206765,-3.254397950294996,3.3708265174231338
track3,48,0.8000016,0.03554738,1.93216769,1.3032823,-0.04476992910816023,-1.0718451566593288,-3.4303177611593423,3.5941530753338333
track3,49,0.8166683,0.03390178,1.91142496,1.24562536,-0.04163831299376991,-1.2781897707766277,-3.446674074367462,3.676284131313
track3,50,0.833335,0.03445603,1.88900314,1.18298351,-0.08318028562078054,-1.530753502245891,-3.407782929189381,3.736724466297799
track3,51,0.8500017,0.03479638,1.85723966,1.12058904,-0.11789905126483421,-1.807665881288277,-3.3782962443399063,3.833332967429778
track3,52,0.8666684,0.03140444,1.82681512,1.06934226,-0.11735963381220071,-2.1388544045755644,-3.338151624862244,3.9663242073979865
track3,53,0.8833351,0.02510703,1.79357531,1.02720314,-0.06385888521929226,-2.5202356126756245,-3.369245420250414,4.208025689381936
track3,54,0.9000018,0.02692691,1.74369596,0.96048217,0.0017482405594632378,-2.8968098076624313,-3.4805727061039993,4.528343679601894
track3,55,0.9166685,0.03013081,1.69201336,0.89774212,0.1502634303589204,-3.255448507517894,-3.668822644755639,4.9072175091670305
track3,56,0.9333352,0.034987,1.63377379,0.83759749,0.33134678823882463,-3.5771211194174217,-3.8532271377182115,5.268106450320306
track3,57,0.9500019,0.03991924,1.57136489,0.77163539,0.5444898458687933,-3.865741383901832,-3.946899312961272,5.5514358346395065
track3,58,0.9666686,0.04840932,1.5080506,0.70884508,0.7691933712869172,-4.092750593170127,-3.942517908087721,5.734606640033694
track3,59,0.9833353,0.0671241,1.43575572,0.64131074,1.0360733043102672,-4.414050015955917,-3.945498253525646,6.010344574468152
track3,60,1.000002,0.08610485,1.36070392,0.57354634,1.340973429125402,-4.763268685700402,-3.9284161950324243,6.318179493429053
track3,61,1.0166687,0.11382444,1.27483742,0.50608152,1.6838937457323213,-5.140406602403598,-3.891271732608068,6.663428087849791
track3,62,1.0333354,0.14283408,1.19117816,0.44430667,2.0648342541310245,-5.545463766065503,-3.8340648662525747,7.05094052424289
track3,63,1.0500021,0.17967274,1.09119668,0.38305598,2.483794954321513,-5.978440176686118,-3.7567955959659454,7.48495140072378
track5,0,0.0,0.38282907,0.98651417,1.1803714,-4.139344030869045,8.732025180704872,2.1253855392056096,9.894427545473233
track5,1,0.0166667,0.26637834,1.24090016,1.21647907,-2.709649144454623,6.3344563730452945,2.2825800436977217,7.257941008574327
track5,2,0.0333334,0.26176419,1.27632112,1.25640982,-1.5341456748321933,4.434360802607072,2.4201417916511496,5.279606516682924
track5,3,0.0500001,0.25884789,1.29747315,1.29871771,-0.6128336220017548,3.0317384693902043,2.538070783065893,4.001100660429448
track5,4,0.0666668,0.25769783,1.31812634,1.33703248,0.05428701403669301,2.1265893733946895,2.6363670179419514,3.3875891864599486
track5,5,0.0833335,0.26066737,1.36438972,1.38658678,0.46721623328315187,1.7189135146205352,2.7150304962793443,3.247205764209481
track5,6,0.1000002,0.26477268,1.41260695,1.43526709,0.11541714597223596,3.037732733042703,2.754311000119271,4.102117789674193
track5,7,0.1166669,0.26426838,1.46872485,1.47389767,0.12466531162508898,3.485654284985147,2.788168501168836,4.465334346414384
track5,8,0.1333336,0.26443836,1.51808367,1.52452757,0.0997100292512717,3.560478202120528,2.8565139193731106,4.5658097736634895
track5,9,0.1500003,0.26774576,1.59005095,1.57263773,0.08930387721975286,3.3878726388235023,2.9074252455224867,4.465285853971378
track5,10,0.166667,0.2713561,1.64615017,1.61901197,0.1600790850865863,3.1584144549659774,2.989393284150502,4.3517444077225305
track5,11,0.1833337,0.27340255,1.69158308,1.67035967,0.3018130358844189,2.8768510664610547,3.010222620580409,4.174781837734981
track5,12,0.2000004,0.27613231,1.72977435,1.72326055,0.43612930932646443,2.5479871272192263,2.8923446524901886,3.879188673384817
track5,13,0.2166671,0.28544949,1.77409484,1.76898297,0.5552490961451653,2.2692563090398368,2.806849029658596,3.6518799583478274
track5,14,0.2333338,0.29872822,1.81316528,1.81358976,0.6430614469773412,2.208595984789393,2.6303534792697416,3.494307323994679
track5,15,0.2500005,0.31091048,1.8502644,1.85528735,0.6610400767543467,2.1527151158984497,2.426180335984327,3.310212587736638
track5,16,0.2666672,0.31936637,1.87810216,1.89277132,0.5245626529725982,2.0167672219434207,2.1934279903002105,3.0254986949313754
track5,17,0.2833339,0.32769027,1.91570265,1.93234673,0.44577873023741343,1.8711077188568375,1.9328687286681472,2.7268561190794314
track5,18,0.3000006,0.33470356,1.94787666,1.95893544,0.3916222520701831,1.7471294439695653,1.6796203949550286,2.4549855301917383
track5,19,0.3166673,0.33979117,1.97537216,1.98743723,0.4340517817798897,1.6203287291560766,1.4577265283698013,2.2223484810686007
track5,20,0.333334,0.34241214,1.99685396,2.00582153,0.4656139766974581,1.4819198222909034,1.3374765767951065,2.049811290941261
track5,21,0.3500007,0.36157219,2.02388812,2.02706817,0.5335036946476257,1.3450912349923696,1.3038369561955578,1.947790397090319
track5,22,0.3666674,0.36426172,2.04378333,2.05112672,0.6312953970828681,1.2927379459926591,1.2822914651373587,1.9271680458515934
track5,23,0.3833341,0.37808786,2.06629434,2.06992493,0.6973948637184357,1.2352395636700688,1.162883415258829,1.834250313637895
track5,24,0.4000008,0.3844519,2.08498286,2.0929181,0.7079272985976202,1.151086755169156,0.9801326112965647,1.6693776426418927
track5,25,0.4166675,0.40194995,2.10489943,2.10656071,0.6751096313658209,1.033554237786638,0.6769814068763527,1.407945738324421
track5,26,0.4333342,0.41354792,2.12070297,2.11120432,0.6507166224595329,0.9170819639712828,0.31419910085588665,1.1675583610103673
track5,27,0.4500009,0.42141726,2.13464726,2.11439703,0.5039583635284977,0.7719108355489714,-0.0524368665714805,0.9233471693702578
track5,28,0.4666676,0.42901027,2.14679178,2.11216619,0.3547918615118524,0.6435914827471096,-0.3864266417154685,0.8303088648732853
track5,29,0.4833343,0.43449544,2.15657158,2.1030771,0.24358072542596565,0.553651401904677,-0.632580085888768,0.8752251194367624
track5,30,0.500001,0.43697298,2.16380387,2.08754383,0.23178039191707334,0.4966327729349329,-0.8509139748620207,1.0121367762539588
track5,31,0.5166677,0.44067062,2.17229807,2.07169013,0.3020068842146719,0.45262042739318975,-1.1407039801304792,1.263835028669551
track5,32,0.5333344,0.44442195,2.1790539,2.05343141,0.3827506181817477,0.4013209412975227,-1.4356448318571777,1.5390362623670255
track5,33,0.5500011,0.45623231,2.18783452,2.0290693,0.5173177215417155,0.35964951065437045,-1.6623478361434794,1.777741748361091
track5,34,0.5666678,0.46287234,2.1913034,1.99954486,0.6582412103241091,0.2922649574281486,-1.8285200645216273,1.9652444943740721
track5,35,0.5833345,0.47767034,2.19597896,1.95973469,0.7543165809938803,0.2076044553039198,-1.9295006650079882,2.0820821142526063
track5,36,0.6000012,0.48614567,2.1977565,1.92841806,0.7896736218182603,0.1283978555586165,-1.9647633334103913,2.121406466149647
track5,37,0.6166679,0.50328534,2.20113393,1.90112774,0.7574324247621931,0.04680914297846339,-2.0220084447942908,2.1597252428878404
track5,38,0.6333346,0.51591136,2.19960338,1.8666252,0.6745981212000298,-0.027743010830986847,-2.1482121203589672,2.251814293815933
track5,39,0.6500013,0.52574342,2.19859662,1.82905479,0.54598308332521,-0.16611578280338346,-2.4141594926600245,2.480697086823418
track5,40,0.666668,0.53323917,2.19530827,1.78563602,0.389347084126348,-0.29178888775088296,-2.7459691033997764,2.788741333246732
track5,41,0.6833347,0.53933298,2.18959282,1.7357942,0.3456343642091291,-0.4538633683804756,-3.0233767490506844,3.076729113454775
track5,42,0.7000014,0.54398969,2.18070276,1.68491012,0.49917232729637506,-0.586164291773974,-3.174295894298642,3.2663306651119353
track5,43,0.7166681,0.55325902,2.16744731,1.62748615,0.7313251424779246,-0.722852303129879,-3.250902701457984,3.409651051135196
track5,44,0.7333348,0.56091115,2.15702119,1.57545298,0.8936303865154556,-0.841253627865699,-3.3656016436218756,3.582395477561241
track5,45,0.7500015,0.58869338,2.13919875,1.51722716,1.0235232466598037,-0.9773389706134221,-3.488490925815335,3.764619534485346
track5,46,0.7666682,0.60753522,2.12471501,1.46319126,1.058790989877231,-1.0942372482387768,-3.6003020041745337,3.909036714708822
track5,47,0.7833349,0.62208146,2.10400952,1.40136775,1.0604592387551874,-1.2819794117987424,-3.6735121008778835,4.032708291537255
track5,48,0.8000016,0.63237167,2.08059894,1.33098811,0.9893528646509169,-1.4073068785097789,-3.7443530320398484,4.120620265159109
track5,49,0.8166683,0.65556168,2.05326807,1.27247677,1.033306959493311,-1.6842130258629817,-3.775339911674479,4.261160433227798
track5,50,0.833335,0.67254048,2.02547262,1.21178356,1.2216620682143287,-2.094348727619547,-3.859017059122049,4.557495744857072
track5,51,0.8500017,0.69667302,1.98508723,1.14806792,1.509238515788709,-2.6497201774827097,-3.961653001169513,4.999351199723272
track5,52,0.8666684,0.71582062,1.9477523,1.07999445,1.6982351342989692,-3.2002686008613894,-4.083384127986976,5.458914509838261
track5,53,0.8833351,0.75562468,1.87510197,1.00948217,1.968240611770531,-3.757286988223216,-4.202716795848451,5.971097477332034
track5,54,0.9000018,0.78570196,1.81229402,0.93576205,2.3374482390895417,-4.191882290128178,-4.2359063072083565,6.401440747844237
track5,55,0.9166685,0.83119664,1.73607043,0.86550109,2.586715597780931,-4.441819067527361,-4.266730399056678,6.680257667986106
track5,56,0.9333352,0.8632061,1.67075292,0.79922321,2.5461580814600655,-4.351329599671798,-4.330231168791736,6.645892884777769
track5,57,0.9500019,0.92196203,1.58919368,0.7268508,2.424952870373983,-4.192218041787679,-4.400162116925177,6.543432981902435
track5,58,0.9666686,0.96314063,1.52018566,0.65056736,2.4153061071500237,-4.22593547190529,-4.403985639348066,6.564093518188751
track5,59,0.9833353,0.99303146,1.45330294,0.57417705,2.3909362502953306,-4.282191091212243,-4.384797484717385,6.57876779318268
track5,60,1.000002,1.01711347,1.39744185,0.49954355,2.351843299809901,-4.360984899708553,-4.342597653033139,6.5884376432106935
track5,61,1.0166687,1.07179939,1.30758872,0.4307555,2.298027255693735,-4.4623168973942215,-4.277386144295325,6.594636729046635
track5,62,1.0333354,1.11244879,1.23222837,0.36260331,2.2294881179468327,-4.586187084269247,-4.1891629585039425,6.599455699744159
track6,0,0.0,0.2806087,1.02190062,1.2985972,-2.098976991789604,7.573896861763375,3.323498414075451,8.53318579389042
track6,1,0.0166667,0.21810105,1.22030175,1.38589623,-1.4322446301494336,6.080378533415425,2.969909955518098,6.916841254076641
track6,2,0.0333334,0.21467265,1.25739873,1.41008926,-0.891801151595832,4.846982536571062,2.6689137819859647,5.604609690200302
track6,3,0.0500001,0.21198915,1.31801289,1.45082243,-0.4776465561287998,3.873708871230284,2.420509893479051,4.592671858086518
track6,4,0.0666668,0.21033814,1.37308798,1.4848414,-0.1897808437483373,3.160557537393092,2.2246982899973577,3.8696799864256586
track6,5,0.0833335,0.20607449,1.42250945,1.51956547,-0.028204014454440096,2.7075285350594873,2.0814789715409043,3.415268795213592
track6,6,0.1000002,0.20384801,1.4802507,1.56266068,-0.31730676433751825,3.1529768617619034,2.2194236183788805,3.868822543270535
track6,7,0.1166669,0.19629593,1.53136069,1.59907989,-0.3508303331878171,3.0066513596576696,2.0876636412228384,3.677142069610554
track6,8,0.1333336,0.19036777,1.57720339,1.63117531,-0.31447464377798284,2.971394434250773,2.0401748794404604,3.6180647761165994
track6,9,0.1500003,0.18562488,1.62527437,1.66161855,-0.20714513163048065,2.894334457484943,1.863077259043628,3.448352930096974
track6,10,0.166667,0.18103187,1.67498637,1.69092019,-0.0016918243552774825,2.7706158916353623,1.7206981469487088,3.2614593963691747
track6,11,0.1833337,0.18599853,1.72229487,1.72397332,0.2460257490906944,2.6755927263203834,1.6679216949258464,3.162481286388662
track6,12,0.2000004,0.18998205,1.76468671,1.75192729,0.39513521404192764,2.491930304717484,1.5941520653089327,2.984488111598716
track6,13,0.2166671,0.19759491,1.80274692,1.76831193,0.43118633646182714,2.248723086936124,1.5287468686134993,2.753133517787774
track6,14,0.2333338,0.21020608,1.83895143,1.79975749,0.41542866692821523,2.041852435759008,1.4558872016288733,2.541918545230649
track6,15,0.2500005,0.21481473,1.87297061,1.8238887,0.3738625093845397,1.8902287373747066,1.3837112293141471,2.372213021979803
track6,16,0.2666672,0.21571346,1.90004054,1.84398206,0.3564240728161914,1.7389386736378203,1.2664817373162531,2.180578322673079
track6,17,0.2833339,0.22024633,1.92858971,1.86569247,0.3086180349783837,1.5804212588544626,1.016727993000904,1.9043928845447542
track6,18,0.3000006,0.23074881,1.95631991,1.88009224,0.29020385455732733,1.4493132439143155,0.7054396471626774,1.637794935873954
track6,19,0.3166673,0.23640063,1.97907042,1.89111879,0.3063896637941007,1.3252052472585172,0.47339081172654396,1.440188332846953
track6,20,0.333334,0.23920692,1.99712045,1.89316934,0.2914758205448641,1.203521936895532,0.2679013208407266,1.2669626372783378
track6,21,0.3500007,0.24091938,2.01708815,1.89389451,0.25944755977621037,1.0816873112174683,0.08849075576908394,1.1158813061339858
track6,22,0.3666674,0.24663049,2.03664912,1.89821494,0.2472246480914977,0.9954193836367784,-0.07728370067734236,1.0285682020819882
track6,23,0.3833341,0.25191422,2.05013296,1.8947457,0.22372771664713198,0.8696954705158326,-0.36021931301124166,0.9675651172392408
track6,24,0.4000008,0.25676931,2.06445254,1.89016844,0.15368383913582062,0.7373825231370734,-0.6018295455250477,0.9641319980720519
track6,25,0.4166675,0.25893172,2.07761924,1.87717692,0.08772103737843928,0.6453113663702901,-0.7575679776379296,0.9990150052465994
track6,26,0.4333342,0.25890172,2.0866313,1.85885632,0.13917613738199308,0.6228579490393518,-0.822830854454832,1.041332145350823
track6,27,0.4500009,0.25737944,2.09186195,1.8380692,0.23985445875262168,0.6247489212480888,-0.843636063077513,1.0768301550890416
track6,28,0.4666676,0.26245156,2.10577795,1.83430911,0.3121665221704538,0.5930013559553382,-0.8714183907296409,1.0993036693428724
track6,29,0.4833343,0.27191458,2.11818507,1.82323666,0.34943105393509677,0.5445777004716472,-0.9419051404321337,1.1427389145722031
track6,30,0.500001,0.28381731,2.12607312,1.80134096,0.28290290563941245,0.44262644773080684,-1.1949704366325458,1.305337722842557
track6,31,0.5166677,0.28102097,2.13060676,1.77523498,0.12771876157879558,0.263159966337426,-1.5837521717730363,1.6105390996612734
track6,32,0.5333344,0.27979215,2.13301546,1.75019435,-0.046330006291034564,0.06841425384749655,-1.972087700346731,1.9738178430319488
track6,33,0.5500011,0.28048488,2.13379336,1.71495135,-0.17541627236092716,-0.051748380535861394,-2.2554414899328625,2.262844466154857
track6,34,0.5666678,0.27571946,2.13099492,1.66999828,-0.16320972113300414,-0.1892096897624196,-2.593257691223526,2.605268349491521
track6,35,0.5833345,0.27353572,2.12678683,1.62713521,-0.10400378290152323,-0.29733033214585447,-2.876829064873328,2.894022733458004
track6,36,0.6000012,0.27213369,2.12333155,1.58169414,-0.10789833478607946,-0.34128247407839396,-2.9526302527814448,2.974246322583739
track6,37,0.6166679,0.26888682,2.11614808,1.52707376,-0.1269248124673894,-0.356471661998393,-2.873961431331205,2.898764609727235
track6,38,0.6333346,0.2723659,2.1053217,1.47217926,-0.1361810371950335,-0.3761637444090864,-2.826358519777118,2.8545309456749774
track6,39,0.6500013,0.26615519,2.1031729,1.43309487,-0.13851417250545228,-0.4390892352247837,-2.862808619254541,2.899596303445231
track6,40,0.666668,0.26284073,2.09796787,1.39367014,-0.12041270765943135,-0.5298926645736355,-2.923566840745095,2.973638937133942
track6,41,0.6833347,0.25964653,2.08602449,1.34006585,-0.09427321028807767,-0.6668508603542147,-3.076227256519835,3.1490874300166274
track6,42,0.7000014,0.26068728,2.07222269,1.28134362,-0.0765972449407063,-0.8434120416141262,-3.246636870945367,3.355273756588893
track6,43,0.7166681,0.26179463,2.05616579,1.22536086,-0.06546424622768332,-1.0298232353418655,-3.3645412504046703,3.519227086912518
track6,44,0.7333348,0.25863897,2.03897003,1.17139047,-0.09826591442388077,-1.1606658802999226,-3.3342952770970826,3.5319012543532224
track6,45,0.7500015,0.25616915,2.01687778,1.11438547,-0.13312182338339162,-1.322774392446541,-3.3122083445809674,3.5690583675649
track6,46,0.7666682,0.2528542,1.99488559,1.06453406,-0.1879572781646961,-1.5571420943405148,-3.3985105034451846,3.7429791720512533
track6,47,0.7833349,0.24903814,1.96772671,1.00507896,-0.24192911765691438,-1.8162459982772239,-3.5542887401404624,3.9987807732504614
track6,48,0.8000016,0.24875315,1.93556995,0.94443853,-0.2651726028715755,-2.0259896483703432,-3.691109731999645,4.2189147441350325
track6,49,0.8166683,0.24295732,1.89775994,0.87940175,-0.27146891382207783,-2.1978013929752906,-3.7441911038089284,4.350056707214032
track6,50,0.833335,0.23629901,1.85767248,0.8172968,-0.18424985655855952,-2.3686682780480446,-3.719666137474249,4.413666683761421
track6,51,0.8500017,0.23248593,1.81833925,0.75540325,-0.04332375356228191,-2.515291069417848,-3.613828892621928,4.403217616319337
track6,52,0.8666684,0.23534222,1.77885341,0.69690404,0.1488150898989592,-2.7094375093301,-3.5393702351289864,4.459858653507255
track6,53,0.8833351,0.23904781,1.72951618,0.64089253,0.32989084266586854,-2.9718928069136803,-3.487578973793095,4.593928811192416
track6,54,0.9000018,0.24840512,1.67549924,0.58220817,0.4152449017945802,-3.353624987155605,-3.4930699857714456,4.860120040537903
track6,55,0.9166685,0.253971,1.61776982,0.52233079,0.40220072660087913,-3.7942389809858925,-3.5032548098073906,5.17984643901243
track6,56,0.9333352,0.26196287,1.55025361,0.46395483,0.3365584365567873,-4.359485896762459,-3.5097299596776086,5.606834512908948
track6,57,0.9500019,0.26572569,1.475419,0.40611183,0.3093599256857442,-4.8462693562957755,-3.5023790002536503,5.987377464199958
track6,58,0.9666686,0.27113979,1.38821855,0.34751948,0.3725319681062289,-5.400997929938857,-3.4695922745683614,6.430212224974334
track6,59,0.9833353,0.27664435,1.29517977,0.29107078,0.5037682954937112,-5.788916126829753,-3.415149752684181,6.74007271861907
track6,60,1.000002,0.28613254,1.18779293,0.23428297,0.697111409856432,-6.1131107938250455,-3.344420315122079,7.002944747713891
track6,61,1.0166687,0.30239216,1.09356544,0.17730473,0.9525613111943896,-6.373581930924742,-3.2574039618820594,7.220844843415462
track6,62,1.0333354,0.32291607,0.97604106,0.12465421,1.2701179995075838,-6.570329538128845,-3.1541006929641235,7.398025490199281
track6,63,1.0500021,0.3426886,0.87358478,0.07435849,1.6497814747960153,-6.703353615437351,-3.0345105083682706,7.5408873903257945
track7,0,0.0,0.4141778,0.60179648,0.93784444,-4.390532364389806,3.98638487967779,-1.0083840466351892,6.015386707202323
track7,1,0.0166667,0.30825499,0.71950175,0.90113973,-2.9259259194768266,4.038512315283061,-0.3712598554989451,5.000845737199295
track7,2,0.0333334,0.29575297,0.75820831,0.91949112,-1.7200137110215274,4.102622624824682,0.21364627294055405,4.453718030788074
track7,3,0.0500001,0.27839161,0.81806459,0.93397042,-0.7727957390239089,4.17871580830265,0.7463343386833085,4.314614004277768
track7,4,0.0666668,0.27355442,0.88253039,0.94558012,-0.08427200348396982,4.266791865716969,1.2268043417293177,4.440457576512313
track7,5,0.0833335,0.29082011,0.96115799,0.96253631,0.3455574955982965,4.366850797067642,1.6550562820785868,4.682735008887676
track7,6,0.1000002,0.28381947,1.04006099,0.99516886,0.1329865171272011,4.832193415566553,1.9489854456188604,5.212132278292304
track7,7,0.1166669,0.28434807,1.12116171,1.02821329,0.07289044885779827,4.812476952551929,2.3869786826859967,5.372421676299765
track7,8,0.1333336,0.27950563,1.20112073,1.07672234,-0.12382263976730645,4.749678550526355,2.6607941463604314,5.445604086669817
track7,9,0.1500003,0.28473897,1.27882286,1.12343301,-0.19941812750406906,4.615354768008418,2.702487256913604,5.352074793753884
track7,10,0.166667,0.28360569,1.35006373,1.16810961,-0.09551974101179872,4.4873502058357255,2.595117349042696,5.18459930428951
track7,11,0.1833337,0.27316487,1.42662812,1.2080383,-0.031126799984161124,4.311681086428047,2.5660241399796915,5.017573373225061
track7,12,0.2000004,0.27315594,1.49885224,1.25025557,0.06926322476026536,4.103699270923145,2.621608753519096,4.870110630879681
track7,13,0.2166671,0.28213307,1.56441318,1.29083469,0.2757378019043506,3.891349520331276,2.8334523363587376,4.821523054720187
track7,14,0.2333338,0.28845972,1.62643863,1.33842877,0.5620691776098972,3.6606211090608225,3.0383609979866337,4.790376417214735
track7,15,0.2500005,0.29669223,1.68348698,1.39687586,0.7506076332835685,3.3562523176818555,3.0327533818125936,4.585349988167109
track7,16,0.2666672,0.30601797,1.73787134,1.44839404,0.7819069537851613,3.083684773539561,2.815778422988619,4.248423047944449
track7,17,0.2833339,0.32870517,1.79045785,1.49483617,0.7254277640628881,2.8027620311892356,2.519839703793796,3.838139207632378
track7,18,0.3000006,0.33802305,1.83385892,1.53098137,0.6016594085692972,2.494557213566239,2.1694719835502143,3.360270587777808
track7,19,0.3166673,0.34527105,1.86943531,1.55550203,0.41613261656926737,2.2215477749697277,1.9085119244680078,2.958185024112304
track7,20,0.333334,0.35003657,1.90715171,1.58961683,0.25573756847824525,2.006974878940693,1.7478494295925326,2.673635632833524
track7,21,0.3500007,0.35153402,1.93905118,1.62414221,0.19120500896527592,1.924731375362434,1.6665402074790379,2.553136597579975
track7,22,0.3666674,0.35592123,1.96868491,1.64911088,0.36449547124215886,1.9480930092918456,1.6483951353775792,2.577814935899059
track7,23,0.3833341,0.36357271,2.00132144,1.67449245,0.565172187953995,1.9407413252772674,1.5843724701828092,2.5682937172272267
track7,24,0.4000008,0.37361325,2.0333189,1.69525217,0.7772830499793573,1.8580986233132544,1.453015490239431,2.48353648022725
track7,25,0.4166675,0.38781503,2.06770696,1.72329015,0.8977362690962278,1.7099116485916328,1.2582153884643397,2.3049586153787316
track7,26,0.4333342,0.40886616,2.09465206,1.74516244,0.8962157378715578,1.4270474530146613,0.8803934597259051,1.9012521468475563
track7,27,0.4500009,0.42073857,2.11346145,1.75763009,0.8033675889524701,1.1181884095439383,0.4707599817900654,1.4551150341717627
track7,28,0.4666676,0.43295341,2.12993709,1.76353377,0.6164620234862133,0.8911559636088349,0.23626167176571222,1.1090554338813894
track7,29,0.4833343,0.43963898,2.14234056,1.75628939,0.4039649346109262,0.7739617947337702,0.1419355705577745,0.8845056440138127
track7,30,0.500001,0.44686104,2.15183026,1.75081958,0.2737782393899122,0.7491779789167907,0.11274225679987993,0.8055637683793987
track7,31,0.5166677,0.4512059,2.16761207,1.7654445,0.2729647208537773,0.7508138798407877,0.10165274820966363,0.8053350248256527
track7,32,0.5333344,0.45258849,2.18195758,1.77560091,0.3462184432274522,0.7403387081337938,0.020061527242923205,0.8175396492326068
track7,33,0.5500011,0.45942625,2.19364413,1.76857927,0.48399548037733897,0.7141977404856563,-0.187429762553057,0.8828702925295444
track7,34,0.5666678,0.47059806,2.2025994,1.7535769,0.6453013841058608,0.6671984273747196,-0.43718077925149057,1.0260090894174276
track7,35,0.5833345,0.48295189,2.21357622,1.74797413,0.7718712411060047,0.5607845209717617,-0.7782343633447821,1.2312242753043454
track7,36,0.6000012,0.4973514,2.22263044,1.73402695,0.8204336055197388,0.44189917179607097,-1.0788798583241919,1.4256114224422447
track7,37,0.6166679,0.50954797,2.2296961,1.71594615,0.7698419724372709,0.25998944389059364,-1.445006889589938,1.6577985656957952
track7,38,0.6333346,0.52357436,2.23427003,1.69680114,0.6731271955871039,0.03207745076352353,-1.832646196828808,1.952619078836817
track7,39,0.6500013,0.53198585,2.23026924,1.65057212,0.5721422500045483,-0.1716428109101642,-2.0401442827650325,2.1257931939105124
track7,40,0.666668,0.54158543,2.2258281,1.61354438,0.4283588947973651,-0.2938584867585279,-2.0101023831751705,2.076139625323531
track7,41,0.6833347,0.54751584,2.21817633,1.57912838,0.33547447602074976,-0.3754746903093462,-1.9169167543949177,1.9819420300312118
track7,42,0.7000014,0.55271224,2.21230726,1.55484733,0.2872942220316068,-0.4164535822443387,-1.8263365981426452,1.8951192379088284
track7,43,0.7166681,0.55818122,2.2080681,1.53203087,0.30234278878761955,-0.4232526766881026,-1.8349976935244134,1.9072940322602165
track7,44,0.7333348,0.5602934,2.20034076,1.49614528,0.44130682437936253,-0.46506660215116735,-2.054669195323598,2.1523717522519084
track7,45,0.7500015,0.57254456,2.18866646,1.45509705,0.681472212929704,-0.5559482964950071,-2.29917485398128,2.461643332115936
track7,46,0.7666682,0.58315662,2.17907499,1.41413581,0.9540266300586269,-0.7107612946778685,-2.5141706500969194,2.781438923773439
track7,47,0.7833349,0.59958659,2.1682281,1.37131628,1.0522783067487498,-0.945345458609772,-2.6969039876605425,3.0453667742371313
track7,48,0.8000016,0.62651735,2.15032621,1.32844439,1.2751361728045794,-1.2144608814511857,-2.895060999271929,3.3885492000670854
track7,49,0.8166683,0.64656083,2.12584945,1.27845622,1.408370143516127,-1.58998715883686,-3.1748850326308604,3.819877039491874
track7,50,0.833335,0.66661052,2.0966556,1.2245823,1.4765339574215988,-2.0187083576881664,-3.433293102528006,4.2476861334949785
track7,51,0.8500017,0.68072746,2.05829119,1.16100833,1.4039562382413755,-2.4207044812017475,-3.548798967553574,4.519389053435918
track7,52,0.8666684,0.72727425,2.01833823,1.10027298,1.1543666510569146,-2.7179718329374376,-3.5751533745184196,4.636987696882977
track7,53,0.8833351,0.73524941,1.96583987,1.04110781,0.9008086727416345,-2.9815232304267187,-3.4912468938465295,4.678647444748724
track7,54,0.9000018,0.74812287,1.91438553,0.98677775,0.6751863805130274,-3.213899516606552,-3.385436281808082,4.716588340045869
track7,55,0.9166685,0.75514414,1.85976341,0.93419094,0.6434563812690604,-3.4021128807392635,-3.2849189641947008,4.77274562167458
track7,56,0.9333352,0.75827392,1.80514512,0.87421664,0.7981993854194149,-3.632633550117501,-3.304321609771693,4.975107040971823
track7,57,0.9500019,0.78157694,1.7386081,0.82115109,1.2439727786045678,-3.954066919022325,-3.3714964938368412,5.34313597824068
track7,58,0.9666686,0.80909371,1.67117021,0.76518975,1.7130846944599871,-4.269262541078641,-3.4110361936618707,5.7268167186947405
track7,59,0.9833353,0.84353599,1.5990303,0.70929562,2.203778808875955,-4.67317442020126,-3.42461666195548,6.198644971396345
track7,60,1.000002,0.87491869,1.51516573,0.64732389,2.129016543831717,-5.055319006727938,-3.2636616928397824,6.382824558845694
track7,61,1.0166687,0.91746987,1.42631085,0.59068061,2.550503619738681,-5.354138877270026,-3.4561502557647565,6.864171211575163
track7,62,1.0333354,0.97327049,1.34316432,0.53649172,3.0527057621875384,-5.620490241420457,-3.762118535086943,7.420408270199175
track7,63,1.0500021,1.01051583,1.2344832,0.47543991,3.6356229711782886,-5.8543730991792335,-4.181566530806343,8.06082734119225
track7,64,1.0666688,1.04216017,1.14135272,0.41502872,4.299255246710932,-6.055787450546355,-4.714494242922955,8.796738787136963
track7,65,1.0833355,1.17865551,1.04071643,0.30405089,5.043602588785468,-6.224733295521824,-5.360901671436779,9.63973539080794
track8,0,0.0,0.09924723,0.80803335,0.95824878,-0.4082862475300692,5.4752832184312314,1.456849570450037,5.680478382396795
track8,1,0.0166667,0.09313113,0.93946126,0.98306964,-0.20937949324567562,4.784051501593966,1.7821923396945725,5.109520337346874
track8,2,0.0333334,0.0890566,0.97604559,1.01176659,-0.0517284375687659,4.185100084112186,2.070721914733327,4.669649643543505
track8,3,0.0500001,0.08623169,1.03707003,1.04577715,0.06466691950065978,3.6784289659858898,2.322438295566301,4.350717309248514
track8,4,0.0666668,0.09545647,1.10552149,1.0940033,0.13980657796260154,3.2640381472150786,2.537341482193494,4.136616093255058
track8,5,0.0833335,0.09871173,1.15639714,1.14602224,0.1736905378170604,2.941927627799765,2.715431474614914,4.007327621179488
track8,6,0.1000002,0.1006028,1.20629526,1.18420903,0.12966938425097574,2.9795968011793637,2.8179724983207457,4.1031427282148485
track8,7,0.1166669,0.10048148,1.24914601,1.23031742,0.03717897098005396,2.6434354802619113,2.9412511431387474,3.954755580463304
track8,8,0.1333336,0.09948487,1.29434389,1.27592984,-0.04197406162297168,2.5065221679580008,2.949527892902265,3.870933994699791
track8,9,0.1500003,0.09764592,1.33556162,1.32858104,-0.052284583659269857,2.47181976160524,2.966789972597213,3.861925601698456
track8,10,0.166667,0.10145879,1.37427855,1.3871,-0.06338936657790933,2.393704593126956,2.948519881748126,3.798369305901707
track8,11,0.1833337,0.09694143,1.4149927,1.43466161,-0.045150415526673704,2.311465861217476,2.857470411282968,3.675602010413224
track8,12,0.2000004,0.09667302,1.45425536,1.46802012,-0.06296916870035613,2.1630041556933284,2.7823139297777457,3.524744373367905
track8,13,0.2166671,0.09492664,1.48745396,1.51773475,-0.05218525472039892,1.9953769720665742,2.7149648185552238,3.3697606038792136
track8,14,0.2333338,0.09574381,1.5196697,1.56537458,0.0016370083809956193,1.8018357022726565,2.69203716394433,3.239394799933819
track8,15,0.2500005,0.0968191,1.54799287,1.61271037,0.0979203895904569,1.5870363980717332,2.6223613919905127,3.066765755923407
track8,16,0.2666672,0.09401128,1.57124567,1.65198686,0.10729941628694906,1.3925528383209045,2.3090902785560496,2.6986319657880697
track8,17,0.2833339,0.10009031,1.59386835,1.68783848,0.06265117866034703,1.1939944515216032,1.7486959844262238,2.1183686096617618
track8,18,0.3000006,0.10247654,1.61363299,1.71583816,-0.0032122326198228413,1.0063252628739647,1.248917295638618,1.6039000169842375
track8,19,0.3166673,0.10116352,1.62789456,1.73194743,-0.11850537790765864,0.863887543203945,0.8761458809250326,1.2361135937113088
track8,20,0.333334,0.09483105,1.64096847,1.73857194,-0.23962562541075316,0.770738357474344,0.7059219105338084,1.0722797208785806
track8,21,0.3500007,0.09002481,1.65155756,1.74567541,-0.30535614931101057,0.6931612889688088,0.675114582987633,1.0146401581888598
track8,22,0.3666674,0.08796886,1.6644876,1.76133132,-0.29013115423652497,0.6633755789598119,0.7131807826128087,1.016302156893855
track8,23,0.3833341,0.07861073,1.67569504,1.77706778,-0.269344906997831,0.6525469925750276,0.6901419036322896,0.9872487546680339
track8,24,0.4000008,0.07665695,1.6867911,1.78917471,-0.28254810879655556,0.6102952591297726,0.4935614770961667,0.8342042128724455
track8,25,0.4166675,0.07493973,1.6945155,1.79331549,-0.3544335502238082,0.5449848846223162,0.1372264303257058,0.664426639420025
track8,26,0.4333342,0.0663248,1.70472008,1.79042903,-0.35856223858647807,0.4534013585819139,-0.37246467371865855,0.6876551490917657
track8,27,0.4500009,0.05940196,1.71219396,1.78161123,-0.31862561612872087,0.391540565986479,-0.7260237540130889,0.8842718979237538
track8,28,0.4666676,0.05157819,1.71670271,1.76643629,-0.36285391042271486,0.32949900592040837,-0.959745870251842,1.0776570375945487
track8,29,0.4833343,0.04536819,1.72112385,1.74664005,-0.4048836940787655,0.26058197545610984,-1.2109855592642988,1.3031959930916541
track8,30,0.500001,0.04550188,1.72475869,1.71817871,-0.4942189091146289,0.15673691659610434,-1.5338436229887344,1.619103162535888
track8,31,0.5166677,0.03462675,1.72910515,1.7062795,-0.6514482295044732,0.0752268673784462,-1.7962292054436757,1.9121933050266926
track8,32,0.5333344,0.01661174,1.72861407,1.67177045,-0.8018139505679027,-0.02235925504837777,-1.9925372681888556,2.1479316359542575
track8,33,0.5500011,0.00329475,1.72619252,1.62651105,-0.9479435606396849,-0.13616039679341707,-2.1150169708984494,2.3217306982080497
track8,34,0.5666678,-0.01345105,1.72198299,1.58770736,-1.0878874168825088,-0.24346500969001728,-2.1707311932695337,2.4402557563067098
track8,35,0.5833345,-0.0306158,1.71927668,1.55973862,-1.1767708010038525,-0.36433219452907206,-2.306184203249291,2.6145770299194067
track8,36,0.6000012,-0.04994463,1.71181236,1.52256471,-1.3624466207944042,-0.4746849464342917,-2.3628014217164894,2.7684683764404605
track8,37,0.6166679,-0.07527475,1.70299281,1.48358351,-1.5163044262489564,-0.601693963628378,-2.506322435140664,2.9904626544764663
track8,38,0.6333346,-0.10384993,1.69189635,1.43800566,-1.612241392999732,-0.7216568128635252,-2.6969142806469515,3.2238885684855054
track8,39,0.6500013,-0.12980341,1.67724951,1.38193618,-1.6038428476756104,-0.8049569124637799,-2.7675968353191385,3.298463241243101
track8,40,0.666668,-0.16044311,1.66409342,1.34143344,-1.6156921929745893,-0.8933260585693183,-2.8058207968665587,3.358738312742885
track8,41,0.6833347,-0.18088618,1.64833079,1.29845946,-1.5594284004905197,-0.9669193844595831,-2.871102790195346,3.407342258148955
track8,42,0.7000014,-0.21037868,1.63162087,1.24881677,-1.6166503834824508,-1.0984999111586689,-2.9847537724504902,3.567774600417884
track8,43,0.7166681,-0.23414257,1.61281238,1.19839346,-1.6975661450775013,-1.2541383444039473,-3.2383145113663057,3.865394504878274
track8,44,0.7333348,-0.27162413,1.58657766,1.13400112,-1.9212729700414737,-1.5590747671651357,-3.7120854697684473,4.46111897284628
track8,45,0.7500015,-0.29651329,1.56252345,1.07610523,-2.225915676024127,-1.950625276604912,-4.164925705346715,5.10942713986194
track8,46,0.7666682,-0.34249232,1.52384757,1.00614991,-2.5398816365537438,-2.3878779413769706,-4.515057964755858,5.7042710503378915
track8,47,0.7833349,-0.38137336,1.48401614,0.9251393,-2.9858146841981394,-2.868495800654072,-4.732706492395867,6.2882325203437945
track8,48,0.8000016,-0.44201449,1.42419635,0.83583636,-3.2653023353626938,-3.359610274718851,-4.829923204256156,6.728843786144362
track8,49,0.8166683,-0.49483844,1.3663437,0.75855937,-3.511922321493351,-3.8819297556043746,-4.817651729498412,7.114263504143554
track8,50,0.833335,-0.55905091,1.29995115,0.68684789,-3.7256746425901066,-4.435454243310657,-4.695892068122637,7.45689668712116
track8,51,0.8500017,-0.62789448,1.21943792,0.6101907,-3.9065592986529607,-5.020183737837698,-4.464644220128831,7.771518405554462
track8,52,0.8666684,-0.68273471,1.13097041,0.53252184,-4.054576289681914,-5.636118239185495,-4.123908185516994,8.07539698203774
track9,0,0.0,0.26259303,0.8125132,0.90610076,-0.5898158408811406,4.3612712546136665,-0.26075165448738424,4.408691541465756
track9,1,0.0166667,0.2627388,0.86204995,0.91913428,-0.2668268046913797,4.420783812161981,0.45969727279658734,4.452622557571195
track9,2,0.0333334,0.25581018,0.9689856,0.92699425,-0.0006256542265470129,4.4659244355171,1.0732341978206454,4.593072294071112
track9,3,0.0500001,0.25187148,1.01853443,0.93536867,0.20878761051335734,4.496693124679022,1.5798591205847903,4.7707228136556425
track9,4,0.0666668,0.26285168,1.10895947,0.97746258,0.36141298952833334,4.513089879647747,1.9795720410890212,4.941386958804186
track9,5,0.0833335,0.26964835,1.177105,1.01782962,0.45725048281838365,4.515114700423287,2.2723729593333424,5.0753342380896935
track9,6,0.1000002,0.27958193,1.25672626,1.05200135,0.5040236489457108,4.400204900172956,2.4914451157111746,5.081647544527632
track9,7,0.1166669,0.28588569,1.32423302,1.09200392,0.3900980128109697,4.510660286721386,2.4996816487719054,5.171715482024466
track9,8,0.1333336,0.29240551,1.40481988,1.13559386,0.32326081466718315,4.408313068455457,2.3788258394345716,5.019614929272568
track9,9,0.1500003,0.29606335,1.47254053,1.17643767,0.3496630613964893,4.446047368860982,2.4110944738483537,5.069810452520183
track9,10,0.166667,0.30291058,1.55069924,1.21444478,0.4901993387155432,4.3570899654238096,2.4251966236160793,5.010599467296586
track9,11,0.1833337,0.30868582,1.61999795,1.25409552,0.7046592750637362,4.241889460626683,2.4495515184960324,4.948785056140073
track9,12,0.2000004,0.32789951,1.69318623,1.29309539,0.9597637424771801,4.059755499952882,2.531518727288889,4.879687308361657
track9,13,0.2166671,0.34154835,1.7549182,1.33899292,1.168210606585783,3.84230237157242,2.5943318220589715,4.781062762491033
track9,14,0.2333338,0.36758624,1.81746683,1.37974147,1.293555824426815,3.48254147198001,2.4400794851091074,4.444701302519615
track9,15,0.2500005,0.38636951,1.87323449,1.42410112,1.3224425576789893,3.1257003923055198,2.1873072371571,4.037718441216432
track9,16,0.2666672,0.41076254,1.92736587,1.45999147,1.265607029741654,2.807127193204833,1.9202110448926089,3.6289026839375427
track9,17,0.2833339,0.42838941,1.96620129,1.48600051,1.1605806202140543,2.572261987643863,1.6833917527969229,3.285922534461014
track9,18,0.3000006,0.44864085,2.00487903,1.50295471,1.0194518634272771,2.4164724236985133,1.5441263213044811,3.0435090229020227
track9,19,0.3166673,0.4643529,2.04494173,1.53636064,0.9193359886007524,2.366007860991286,1.534802711746571,2.9662756483836277
track9,20,0.333334,0.47956376,2.08861231,1.56330673,0.8763361789127257,2.3561851397276348,1.5618105498054886,2.9595313319220686
track9,21,0.3500007,0.49048705,2.12493895,1.58738153,0.896410692726402,2.3239574417121682,1.5358443743485575,2.9262857452992703
track9,22,0.3666674,0.5086316,2.16534494,1.61119981,0.9821852603381065,2.168150983861212,1.3324882084501661,2.727836395406167
track9,23,0.3833341,0.52368478,2.19912926,1.63666559,1.1131022878979913,1.9997067286751316,1.0382981680423677,2.513142811260927
track9,24,0.4000008,0.5474067,2.2309473,1.64677249,1.2408673390112486,1.81014670791172,0.7761256217580925,2.3278216937596143
track9,25,0.4166675,0.56500878,2.25791136,1.65947878,1.3605123517025706,1.6289549503651717,0.4719559433841649,2.174219515584867
track9,26,0.4333342,0.59158038,2.2837136,1.66121714,1.3930802175691723,1.4029775271451914,0.1897064876033534,1.986204165159214
track9,27,0.4500009,0.61256612,2.30888233,1.666906,1.4093275909019312,1.2316969676084195,0.03365577930850705,1.8720081169626588
track9,28,0.4666676,0.63739092,2.32528124,1.66354452,1.3280612260453832,1.070254759024305,-0.031795743401509924,1.705931662944854
track9,29,0.4833343,0.6604721,2.34183034,1.6600161,1.264813539487145,0.9442234948863497,-0.19131816689745484,1.5899414891593948
track9,30,0.500001,0.67798407,2.35498626,1.6572887,1.1319831016515187,0.8363963449229388,-0.37261002226246376,1.4559473949684714
track9,31,0.5166677,0.69839703,2.37104958,1.65515001,1.1172437487292903,0.7714593467083635,-0.597569456725874,1.4833989258827271
track9,32,0.5333344,0.71359821,2.3832408,1.64153497,1.1093983557953675,0.7579181426718886,-0.8081929549427489,1.567922343501668
track9,33,0.5500011,0.73540544,2.39492439,1.61956535,1.2360501283659477,0.7140778699794712,-1.0468345337202027,1.7701948099621942
track9,34,0.5666678,0.75299805,2.40520922,1.6015881,1.3827934865109337,0.6646317925312992,-1.274712798126842,1.9946794137627215
track9,35,0.5833345,0.78247883,2.416357,1.58195436,1.5275894895762718,0.5643151810433249,-1.517445942380827,2.225898349041998
track9,36,0.6000012,0.80434998,2.42703875,1.55563425,1.6198238908883544,0.4369005644273294,-1.7068155076976463,2.3933095742103196
track9,37,0.6166679,0.83754444,2.43176392,1.52536656,1.6527424881047734,0.23926247870116235,-1.9642195497660166,2.578170418219865
track9,38,0.6333346,0.86135131,2.4346035,1.48857707,1.6262767220386376,0.04789317146308214,-2.1689917242542984,2.711382457788123
track9,39,0.6500013,0.89005322,2.43201833,1.44796159,1.575252097747558,-0.15483269429730662,-2.2768398352480554,2.7729752920020467
track9,40,0.666668,0.91285146,2.42773044,1.41370801,1.5159758311019558,-0.35806883735882167,-2.3497294732683134,2.819153172553515
track9,41,0.6833347,0.94064042,2.41996144,1.37040401,1.4535164497270108,-0.5687155115200078,-2.445779890841136,2.9013766865254427
track9,42,0.7000014,0.96212428,2.41300825,1.33512645,1.4041629206951405,-0.7516942597816261,-2.5524083329455656,3.008572097546229
track9,43,0.7166681,0.98943577,2.39667259,1.28928062,1.4233782779520765,-0.8595691464794069,-2.626861826462819,3.1089013968044616
track9,44,0.7333348,1.00875035,2.37874974,1.24122015,1.4687897366629565,-0.9185617411981841,-2.7509355315788104,3.2509606675292564
track9,45,0.7500015,1.03745058,2.36110887,1.19338443,1.6555999934620234,-1.0133954140017023,-2.876540971859772,3.470226154915425
track9,46,0.7666682,1.06118635,2.34761351,1.14755104,1.8925979349673065,-1.1027433178233697,-3.0705637712267624,3.771780964162278
track9,47,0.7833349,1.10211125,2.33064997,1.10045474,2.206836263600204,-1.2798156085505807,-3.2632912587321607,4.142115899579385
track9,48,0.8000016,1.13345114,2.30654788,1.03786227,2.4605343677424605,-1.5239169680168674,-3.4484386661762745,4.502030823376392
track9,49,0.8166683,1.18597649,2.27285488,0.97857285,2.663945086445496,-1.894637936714787,-3.5942920750522074,4.85851745449361
track9,50,0.833335,1.22425397,2.24318895,0.91623911,2.7606031924299845,-2.288934709776253,-3.705611387611718,5.156714830943317
track9,51,0.8500017,1.27765582,2.19824244,0.85443496,2.7975921522515987,-2.702749950677238,-3.7388084333388387,5.395374653110863
track9,52,0.8666684,1.31591295,2.15568962,0.79758749,2.7598703464597785,-3.1155054770310047,-3.7826564632418433,5.624210933596241
track9,53,0.8833351,1.36886192,2.09298866,0.73161585,2.6924924689777763,-3.65960915257655,-3.9152547077190167,5.997622384865524
track9,54,0.9000018,1.40728067,2.032997,0.66355982,2.6054199208618014,-4.116858705093767,-3.956122388804168,6.2759575298855745
track9,55,0.9166685,1.45651135,1.95941198,0.59946228,2.510931846085036,-4.428659072169021,-3.91511534517723,6.422299282907267
track9,56,0.9333352,1.49105129,1.88378305,0.5309826,2.457583964552361,-4.621866820485463,-3.7903470422662853,6.462824657218087
track9,57,0.9500019,1.53984817,1.79526581,0.4684247,2.5191763941647087,-4.77230434210459,-3.6425404000007826,6.5107018826102685
track9,58,0.9666686,1.57334217,1.72631865,0.41474913,2.7421196021244505,-4.947312457356425,-3.521495203629636,6.663036014629949
track9,59,0.9833353,1.62801516,1.6414417,0.35664202,3.1875937274932085,-5.112507997944368,-3.4708070382227483,6.953056399683217
track9,60,1.000002,1.67532662,1.55629899,0.29713388,3.425512012146136,-5.383702018143762,-3.4375899546569206,7.248131115113802
track9,61,1.0166687,1.74723132,1.45579798,0.23661525,3.6657345824002903,-5.7086505525124425,-3.4346240126867102,7.604139876924293
track9,62,1.0333354,1.81031228,1.36228501,0.18264788,3.908261438255663,-6.08735360105042,-3.4619092123121202,8.019675599939768
track9,63,1.0500021,1.89108827,1.25669488,0.12164446,4.153092579712252,-6.519811163757694,-3.5194455535331493,8.493680744589161
track9,64,1.0666688,1.93600565,1.14479747,0.06552336,4.400228006770059,-7.006023240634265,-3.607233036349799,9.02543618549289
